Workbook

Sheet Dashboard
A1: XBOX · DASHBOARD DE VENDAS 2025
A3: Organização e visualização de dados de vendas do console Xbox
B6: FATURAMENTO TOTAL | D6: QUANTIDADE VENDIDA | F6: TICKET MÉDIO | H6: CATEGORIA LÍDER
B7: =SUM(Dados!G2:G321) -> 324930.93 | D7: =SUM(Dados!E2:E321) -> 605 | F7: =SUM(Dados!G2:G321)/COUNTA(Dados!A2:A321) -> 1015.4092 | H7: =INDEX(Resumo!A3:A5,MATCH(MAX(Resumo!B3:B5),Resumo!B3:B5,0)) -> Console
B10: VENDAS POR CATEGORIA | F10: VENDAS POR REGIÃO
B27: EVOLUÇÃO MENSAL DE VENDAS | F27: TOP PRODUTOS (QUANTIDADE)
B45: Fonte: base de dados de vendas (aba 'Dados'). Valores calculados por fórmulas (SUMIFS/INDEX/MATCH) — atualizam automaticamente se os dados mudarem.

Sheet Dados
A1: Data | B1: Categoria | C1: Produto | D1: Região | E1: Quantidade | F1: Preço Unitário (R$) | G1: Total (R$) | H1: Mês
A2: 45658 | B2: Jogo | C2: Gears of War: E-Day | D2: Sudeste | E2: 4 | F2: 259.9 | G2: =E2*F2 -> 1039.6 | H2: =MONTH(A2) -> 1
A3: 45658 | B3: Jogo | C3: Gears of War: E-Day | D3: Sudeste | E3: 1 | F3: 259.9 | G3: =E3*F3 -> 259.9 | H3: =MONTH(A3) -> 1
A4: 45659 | B4: Acessório | C4: Carregador Duplo de Bateria | D4: Norte | E4: 3 | F4: 217.55 | G4: =E4*F4 -> 652.65 | H4: =MONTH(A4) -> 1
A5: 45662 | B5: Jogo | C5: Forza Horizon 5 | D5: Sudeste | E5: 1 | F5: 249.9 | G5: =E5*F5 -> 249.9 | H5: =MONTH(A5) -> 1
A6: 45665 | B6: Jogo | C6: EA Sports FC 25 | D6: Sul | E6: 1 | F6: 279.9 | G6: =E6*F6 -> 279.9 | H6: =MONTH(A6) -> 1
A7: 45667 | B7: Jogo | C7: Starfield | D7: Norte | E7: 1 | F7: 269.91 | G7: =E7*F7 -> 269.91 | H7: =MONTH(A7) -> 1
A8: 45667 | B8: Jogo | C8: Starfield | D8: Sul | E8: 3 | F8: 284.9 | G8: =E8*F8 -> 854.7 | H8: =MONTH(A8) -> 1
A9: 45668 | B9: Jogo | C9: EA Sports FC 25 | D9: Sul | E9: 1 | F9: 293.89 | G9: =E9*F9 -> 293.89 | H9: =MONTH(A9) -> 1
A10: 45668 | B10: Acessório | C10: Bateria Recarregável Play & Charge | D10: Sudeste | E10: 1 | F10: 129 | G10: =E10*F10 -> 129 | H10: =MONTH(A10) -> 1
A11: 45668 | B11: Jogo | C11: EA Sports FC 25 | D11: Sudeste | E11: 2 | F11: 265.9 | G11: =E11*F11 -> 531.8 | H11: =MONTH(A11) -> 1
A12: 45674 | B12: Acessório | C12: Xbox Game Pass Ultimate (3 meses) | D12: Sudeste | E12: 1 | F12: 142.41 | G12: =E12*F12 -> 142.41 | H12: =MONTH(A12) -> 1
A13: 45674 | B13: Jogo | C13: Call of Duty: Black Ops 6 | D13: Nordeste | E13: 2 | F13: 367.39 | G13: =E13*F13 -> 734.78 | H13: =MONTH(A13) -> 1
... A321: 46022 | B321: Acessório | C321: Controle Xbox Wireless | D321: Sudeste | E321: 3 | F321: 449 | G321: =E321*F321 -> 1347 | H321: =MONTH(A321) -> 12

Sheet Resumo
A1: Vendas por Categoria
A2: Categoria | B2: Total (R$)
A3: Console | B3: =SUMIFS(Dados!$G$2:$G$321,Dados!$B$2:$B$321,A3) -> 203014.3
A4: Jogo | B4: =SUMIFS(Dados!$G$2:$G$321,Dados!$B$2:$B$321,A4) -> 76268.89
A5: Acessório | B5: =SUMIFS(Dados!$G$2:$G$321,Dados!$B$2:$B$321,A5) -> 45647.74
A7: Vendas por Região
A8: Região | B8: Total (R$)
A9: Sudeste | B9: =SUMIFS(Dados!$G$2:$G$321,Dados!$D$2:$D$321,A9) -> 131186.57
A10: Sul | B10: =SUMIFS(Dados!$G$2:$G$321,Dados!$D$2:$D$321,A10) -> 76075.71
A11: Nordeste | B11: =SUMIFS(Dados!$G$2:$G$321,Dados!$D$2:$D$321,A11) -> 68121.68
A12: Centro-Oeste | B12: =SUMIFS(Dados!$G$2:$G$321,Dados!$D$2:$D$321,A12) -> 35378.27
A13: Norte | B13: =SUMIFS(Dados!$G$2:$G$321,Dados!$D$2:$D$321,A13) -> 14168.7
A15: Vendas Mensais
A16: Mês | B16: Total (R$)
A17: Jan | B17: =SUMIFS(Dados!$G$2:$G$321,Dados!$H$2:$H$321,1) -> 36273.85
A18: Fev | B18: =SUMIFS(Dados!$G$2:$G$321,Dados!$H$2:$H$321,2) -> 27827.05
A19: Mar | B19: =SUMIFS(Dados!$G$2:$G$321,Dados!$H$2:$H$321,3) -> 21165.21
A20: Abr | B20: =SUMIFS(Dados!$G$2:$G$321,Dados!$H$2:$H$321,4) -> 13420.41
A21: Mai | B21: =SUMIFS(Dados!$G$2:$G$321,Dados!$H$2:$H$321,5) -> 34717.33
A22: Jun | B22: =SUMIFS(Dados!$G$2:$G$321,Dados!$H$2:$H$321,6) -> 21761
A23: Jul | B23: =SUMIFS(Dados!$G$2:$G$321,Dados!$H$2:$H$321,7) -> 19973.95
A24: Ago | B24: =SUMIFS(Dados!$G$2:$G$321,Dados!$H$2:$H$321,8) -> 33805.36
A25: Set | B25: =SUMIFS(Dados!$G$2:$G$321,Dados!$H$2:$H$321,9) -> 17115.95
A26: Out | B26: =SUMIFS(Dados!$G$2:$G$321,Dados!$H$2:$H$321,10) -> 31297.82
A27: Nov | B27: =SUMIFS(Dados!$G$2:$G$321,Dados!$H$2:$H$321,11) -> 37474.78
A28: Dez | B28: =SUMIFS(Dados!$G$2:$G$321,Dados!$H$2:$H$321,12) -> 30098.22
A30: Top 6 Produtos (por Quantidade)
A31: Produto | B31: Quantidade
A32: Sea of Thieves | B32: =SUMIFS(Dados!$E$2:$E$321,Dados!$C$2:$C$321,A32) -> 55
A33: Bateria Recarregável Play & Charge | B33: =SUMIFS(Dados!$E$2:$E$321,Dados!$C$2:$C$321,A33) -> 51
A34: Call of Duty: Black Ops 6 | B34: =SUMIFS(Dados!$E$2:$E$321,Dados!$C$2:$C$321,A34) -> 48
A35: Starfield | B35: =SUMIFS(Dados!$E$2:$E$321,Dados!$C$2:$C$321,A35) -> 47
A36: Xbox Game Pass Ultimate (3 meses) | B36: =SUMIFS(Dados!$E$2:$E$321,Dados!$C$2:$C$321,A36) -> 43
A37: Gears of War: E-Day | B37: =SUMIFS(Dados!$E$2:$E$321,Dados!$C$2:$C$321,A37) -> 42
